,Total TOIs,Predicted 1,Predicted 0,Accuracy %
CP,591,518,73,87.64805414551607
KP,523,356,167,68.06883365200764
FP,620,223,397,64.03225806451613
FA,44,26,18,40.909090909090914
